"R0926",
"R0517",
"I0188",
"G0555",
"R0462",
"M0923",
"R0436",
"R0502",
"R0510",
"A0922",
"R0525",
"M0907",
"H0904",
"R0518",
"A0927",
"R0922",
"R0921",
"I0429",
"S0645",
"I0394",
"U0450",
"H0642",
"A0100",
"F506",
"O0634",
"A0047",
"A0048",
"A0049",
"A0050",
"A0053",
"A0060",
"A0062",
"A0054",
"A0063",
"R0166",
"A0073",
"A0135",
"A0312",
"F3636",
"F412",
"F4221",
"F498",
"F517",
"G0536",
"G526",
"A0580",
"A0624",
"A0626",
"A0107",
"F3616",
"A0065",
"A0832",
"A0851",
"A0891",
"D0001",
"E0023",
"F0305",
"F035",
"F0624",
"F075",
"F2442",
"F2728",
"F2747",
"F626",
"A0064",
"A0831",
"F3903",
"G536",
"H252",
"M0933",
"L0743",
"O3602",
"O0313",
"H266",
"I0001",
"I0020",
"I0136",
"I0306",
"K0123",
"K0144",
"K0546",
"M0705",
"M0145",
"L0628",
"M0128",
"M0306",
"M0741",
"O3605",
"A0002",
"H0266",
"O3923",
"K123",
"H0252",
"P0461",
"P0560",
"P0575",
"P607",
"R0017",
"R0165",
"O3924",
"O4220",
"K0143",
"U0507",
"O4219",
"M0019",
"R0581",
"F130",
"R0526",
"S0646",
"A0622",
"F733",
"F673",
"I0013",
"G056",
"F646",
"H623",
"F725",
"A0052",
"K144",
"I0494",
"L0238",
"L0435",
"A0923",
"C0327",
"C0329",
"F451",
"F679",
"F651",
"D0003",
"D0004",
"D0005",
"D0009",
"F0921",
"F1255",
"F127",
"F1521",
"F206",
"F2481",
"F250",
"F284",
"F3629",
"F4209",
"L183",
"O3626",
"M0500",
"F3909",
"M0735",
"F394",
"M0322",
"O2430",
"O2703",
"P0717",
"P0512",
"O3927",
"O4245",
"I0084",
"P0056",
"D0007",
"I0309",
"M0315",
"I0027",
"O0314",
"R0206",
"F639",
"F719",
"U0803",
"H279",
"K0011",
"H415",
"R0263",
"Z0003",
"Z0059",
"L210",
"X0157",
"L0647",
"U0200",
"U0014",
"Z0001",
"F0308",
"F038",
"U0250",
"A0446",
"U0225",
"A0924",
"U0298",
"G508",
"I0387",
"I0439",
"H435",
"K0019",
"I0045",
"L0247",
"F471",
"K0400",
"F645",
"F3635",
"F396",
"F434",
"G0508",
"U0348",
"H0438",
"H638",
"F538",
"F624",
"L0209",
"I0047",
"I0141",
"K0061",
"U0300",
"U0350",
"A0051",
"G0539",
"H438",
"L218",
"M0006",
"L0419",
"L0621",
"L0644",
"L0747",
"L188",
"N001",
"O1518",
"O1804",
"O1805",
"O1852",
"O1868",
"O2545",
"O2712",
"O1802",
"O2539",
"A0072",
"O2711",
"L221",
"O3031",
"M0701",
"L0400",
"S0497",
"S0823",
"S0942",
"U0872",
"S0825",
"S0827",
"U0709",
"R0032",
"Z0005",
"R0031",
"H0614",
"R0109",
"U0544",
"A0305",
"I0061",
"K0514",
"K0534",
"L0284",
"P0703",
"M0756",
"L0739",
"L0401",
"H636",
"L0415",
"O1820",
"R0594",
"L225",
"P0736",
"S0023",
"H614",
"H620",
"L224",
"M0903",
"U0873",
"U0007",
"F261",
"F1532",
"F3614",
"R0513",
"R0514",
"R0506",
"R0521",
"F2701",
"R0597",
"R0598",
"P0033",
"P0209",
"P0716",
"U0104",
"P0044",
"U0745",
"F2493",
"F460",
"U0126",
"U0611",
"X0140",
"P0715",
"U0651",
"A0066",
"U0008",
"G0543",
"G543",
"F0928",
"F1801",
"F125",
"A0147",
"A0514",
"A0148",
"F271",
"A0149",
"A0150",
"A0158",
"A0161",
"A0163",
"A0164",
"A0165",
"A0510",
"A0511",
"A0512",
"E0021",
"F280",
"K0265",
"K037",
"K056",
"S0503",
"X0033",
"L0411",
"I0074",
"K0056",
"Y0040",
"S0493",
"D0002",
"K0037",
"R0573",
"K0118",
"A0197",
"A0199",
"R0925",
"F3638",
"K265",
"F2429",
"F202",
"A0207",
"A0208",
"O2523",
"A0210",
"F2440",
"F260",
"F3080",
"F3089",
"F3308",
"R0601",
"A0212",
"A0220",
"F1531",
"A0221",
"A0464",
"A0465",
"A0889",
"A0926",
"D0025",
"F0919",
"F0935",
"F1251",
"F189",
"F2423",
"A0201",
"A0202",
"K0214",
"F3924",
"F399",
"F410",
"F4210",
"K0279",
"K0555",
"F3605",
"F554",
"F578",
"F615",
"F3622",
"F632",
"F694",
"F720",
"G042",
"G0553",
"G553",
"H0086",
"H086",
"I0010",
"I0075",
"I0081",
"I0399",
"I0400",
"K0043",
"K0044",
"K0122",
"K0020",
"U0738",
"F390",
"L0123",
"L0240",
"L0288",
"L0617",
"O2417",
"O4222",
"P0465",
"O2405",
"O2406",
"O1535",
"O4221",
"L104",
"L175",
"M0035",
"M0118",
"M0134",
"M0144",
"M0921",
"O0615",
"O0616",
"O1878",
"O2414",
"L0241",
"Z0058",
"S0659",
"A0847",
"K279",
"P0564",
"P619",
"Q0376",
"S0291",
"S0309",
"S0774",
"S0955",
"U0736",
"Y0005",
"Y0023",
"Q0378",
"X0037",
"X0040",
"X0130",
"Y0062",
"Y0065",
"Y0068",
"K0060",
"P0883",
"G0541",
"R0205",
"F191",
"R0108",
"M0525",
"Y0014",
"K002",
"R0593",
"F1222",
"R0444",
"U0361",
"U0006",
"A0160",
"F233",
"H0243",
"A0198",
"A0209",
"A0466",
"K0064",
"D0036",
"F124",
"F1523",
"F1851",
"F2133",
"D0034",
"A0249",
"A0270",
"A0251",
"A0252",
"A0253",
"A0254",
"A0255",
"A0257",
"A0269",
"A0869",
"D0027",
"D0031",
"D0032",
"F133",
"H0031",
"I0170",
"H146",
"U0076",
"K0059",
"F2155",
"F367",
"F3931",
"F418",
"F648",
"F701",
"G0162",
"G0524",
"G162",
"G163",
"G524",
"G551",
"H0003",
"H003",
"H0445",
"I0385",
"I0446",
"I0455",
"J0002",
"K0030",
"K0086",
"S0933",
"L0721",
"M0725",
"O3902",
"I0307",
"X0014",
"X0150",
"U0799",
"X0154",
"X0156",
"Y0019",
"R0448",
"F2462",
"X0019",
"X0011",
"K0435",
"X0048",
"K0084",
"U0205",
"K0329",
"K0333",
"K0491",
"F193",
"K063",
"A0250",
"A0268",
"K064",
"K329",
"K331",
"M0341",
"H0643",
"M0523",
"F2468",
"C0330",
"F2424",
"A0929",
"G0551",
"H445",
"I0488",
"H0910",
"K0331",
"F2503",
"S0776",
"K0477",
"A0456",
"A0920",
"C0364",
"F0030",
"C0366",
"D0049",
"F0322",
"F033",
"F052",
"F0642",
"F0915",
"F0939",
"F115",
"F137",
"F3625",
"F386",
"F3929",
"F405",
"F420",
"F4207",
"F444",
"F474",
"F528",
"F610",
"F614",
"F716",
"G0516",
"P0868",
"P0870",
"U0013",
"U0080",
"U0157",
"D0050",
"F0303",
"F1501",
"G516",
"G530",
"F207",
"F235",
"P0887",
"U0372",
"U0400",
"U0530",
"U0600",
"M0314",
"M0325",
"M0533",
"F635",
"O2403",
"O2441",
"O2444",
"O3302",
"O3342",
"O3634",
"O4239",
"O4240",
"U0703",
"S0061",
"O0927",
"P0582",
"P0889",
"R0485",
"R0486",
"S0056",
"M0909",
"U0700",
"U0653",
"U0649",
"O2404",
"Y0046",
"L0253",
"U0184",
"Y0034",
"Z0079",
"U0147",
"Z0012",
"S0946",
"S0945",
"L0447",
"P0435",
"P0259",
"F417",
"F432",
"F438",
"F276",
"F3025",
"F3049",
"F3933",
"F511",
"F4218",
"F2711",
"F749",
"G0096",
"G048",
"G0511",
"F4240",
"F481",
"F596",
"F703",
"K060",
"I0441",
"I0083",
"I0106",
"I0165",
"K0387",
"I0389",
"H608",
"K0335",
"G096",
"H066",
"K0073",
"K0337",
"P0203",
"K0543",
"K0280",
"K0101",
"K073",
"K101",
"K484",
"K0562",
"A0665",
"A0109",
"A0114",
"F2479",
"F2757",
"A0684",
"A0117",
"F1220",
"F172",
"A0133",
"A0420",
"A0299",
"A0300",
"A0301",
"A0302",
"A0303",
"A0308",
"A0313",
"A0431",
"A0769",
"A0770",
"A0771",
"A0773",
"A0806",
"C0407",
"F0944",
"F1201",
"F3323",
"F3044",
"F449",
"I0403",
"F527",
"F118",
"F548",
"F587",
"F622",
"G0032",
"G0033",
"L0643",
"J0006",
"K0216",
"G033",
"G145",
"I0062",
"I031",
"K0524",
"L0216",
"L0251",
"F3612",
"G032",
"F3020",
"S0718",
"S0057",
"L0750",
"L198",
"L250",
"O3019",
"O3309",
"O3310",
"R0577",
"P0015",
"P0049",
"P0709",
"P0711",
"Q0439",
"Q0442",
"R0490",
"S0655",
"O0949",
"F2456",
"M0023",
"L0618",
"H0638",
"L0436",
"L041",
"F674",
"L0604",
"F1218",
"P0006",
"R0582",
"C0406",
"L0736",
"F170",
"R0569",
"R0570",
"K0233",
"A0321",
"M0527",
"A0322",
"A0323",
"A0324",
"A0325",
"A0331",
"A0333",
"A0334",
"A0335",
"A0666",
"A0667",
"A0668",
"A0669",
"A0675",
"A0676",
"A0677",
"A0679",
"A0336",
"G0019",
"L0126",
"F1825",
"M0012",
"Z0061",
"F3915",
"G019",
"F295",
"D0060",
"H0404",
"H404",
"L195",
"F685",
"Z0060",
"I0125",
"M0015",
"I0447",
"T0612",
"S0798",
"T0105",
"M0022",
"I0435",
"K0545",
"K0479",
"H0908",
"M0148",
"K0291",
"X0113",
"I0089",
"M0313",
"K0080",
"I0456",
"T0604",
"K0370",
"A0388",
"A0827",
"A0382",
"A0377",
"A0381",
"A0365",
"A0368",
"A0369",
"A0372",
"A0373",
"A0375",
"A0376",
"A0380",
"M0319",
"A0367",
"S0496",
"A0948",
"C0395",
"C0396",
"D0066",
"F258",
"F2703",
"F301",
"G0166",
"G160",
"G166",
"R0096",
"D0070",
"D0071",
"A0843",
"D0073",
"F2421",
"F243",
"F1529",
"D0074",
"F0601",
"F0602",
"F0901",
"F0937",
"F101",
"F135",
"F1512",
"F1514",
"F1831",
"F2401",
"F241",
"F297",
"A0828",
"A0829",
"H004",
"H401",
"I0022",
"L024",
"I0132",
"I0393",
"M0024",
"H0004",
"K0371",
"K0383",
"K0386",
"K0318",
"H0401",
"K318",
"M0539",
"L0416",
"K345",
"K371",
"K386",
"L0437",
"L0740",
"L339",
"M0150",
"T0424",
"M0337",
"S0805",
"P0431",
"T0401",
"A0383",
"R0223",
"P0530",
"S0040",
"O1847",
"S0494",
"S0504",
"O2425",
"O2426",
"O3011",
"O4241",
"Q0443",
"O1801",
"O1842",
"O4250",
"P0540",
"P582",
"P653",
"Q0467",
"Q0469",
"R0106",
"Q0440",
"F3325",
"T0458",
"F371",
"F387",
"F3927",
"T0421",
"F3033",
"F4239",
"F473",
"T0222",
"F564",
"F697",
"M0511",
"K434",
"T0701",
"T0011",
"U0860",
"A0105",
"A0222",
"A0384",
"A0412",
"U0796",
"A0527",
"A0949",
"D0081",
"F513",
"F544",
"F641",
"F671",
"F730",
"D0082",
"A0415",
"D0085",
"D0086",
"F4222",
"A0444",
"F3901",
"F0003",
"F0625",
"F0626",
"F076",
"F116",
"F1236",
"F1265",
"F1530",
"F187",
"F2101",
"F216",
"F2403",
"F259",
"F2718",
"F373",
"G0512",
"L340",
"H615",
"K0009",
"H476",
"M0124",
"I0173",
"G164",
"H618",
"K0323",
"J0005",
"H0476",
"K0008",
"H0618",
"K0094",
"I0028",
"K0354",
"K008",
"K0288",
"L176",
"M0522",
"U0412",
"U0769",
"L0741",
"L077",
"X0171",
"U0379",
"U0737",
"S0688",
"M0736",
"Y0009",
"X0056",
"U0063",
"U0861",
"F0916",
"O0902",
"Q0386",
"O0905",
"P0003",
"U0710",
"O1505",
"U0064",
"F0932",
"A0112",
"M0323",
"T0412",
"A0612",
"A0774",
"F0903",
"U0185",
"F103",
"F1240",
"F1504",
"F1806",
"S0301",
"S0502",
"S0719",
"K0002",
"R0529",
"A0433",
"A0115",
"A0437",
"A0761",
"A0762",
"A0765",
"F0310",
"F040",
"F0637",
"F0638",
"R0505",
"T0709",
"S0731",
"U0608",
"F556",
"U0206",
"U0413",
"A0766",
"U0331",
"S0915",
"U0451",
"U0401",
"M0904",
"R0465",
"K387",
"A0126",
"O2455",
"G0048",
"O2480",
"A0427",
"O3015",
"A0429",
"P0441",
"A0421",
"A0426",
"O0906",
"A0119",
"O3304",
"A0298",
"A0309",
"A0423",
"O2456",
"A0430",
"O3307",
"O4201",
"O4202",
"S0499",
"P0885",
"A0729",
"P0580",
"R0020",
"P0443",
"P0542",
"S0051",
"S0137",
"A0981",
"P643",
"V0024",
"O4233",
"S0932",
"S0086",
"T0409",
"F665",
"T0459",
"F174",
"A0945",
"U0382",
"O1811",
"U0823",
"O2493",
"O1822",
"H0602",
"D0088",
"A0778",
"A0809",
"D0122",
"F0026",
"R0168",
"I0422",
"F021",
"R0489",
"O1216",
"F231",
"F2417",
"O0309",
"U0153",
"F169",
"F096",
"F1217",
"L0735",
"F0669",
"F0674",
"P0201",
"H453",
"A0854",
"U0824",
"L0738",
"F4226",
"F484",
"R0494",
"F2714",
"I0209",
"Y0015",
"K298",
"A0213",
"K0127",
"A0203",
"Z0077",
"K0298",
"L051",
"M0123",
"A0204",
"A0143",
"A0205",
"A0206",
"A0214",
"A0217",
"A0218",
"A0457",
"A0458",
"F0923",
"F126",
"F2408",
"F2488",
"F378",
"H0207",
"H207",
"H212",
"L0420",
"L128",
"P0439",
"M0329",
"L0716",
"A0216",
"T0400",
"K0251",
"H0608",
"O0961",
"T0600",
"I0152",
"A0682",
"R0232",
"S0976",
"R0369",
"S0978",
"S0970",
"S0980",
"X0182",
"P0538",
"S0974",
"R0370",
"S0972",
"U0131",
"P0008",
"O3332",
"A0169",
"A0443",
"A0503",
"A0505",
"A0506",
"A0413",
"A0170",
"A0151",
"A0152",
"A0153",
"A0155",
"A0166",
"A0167",
"A0168",
"A0526",
"A0908",
"F3317",
"A0935",
"F3620",
"F377",
"F3913",
"F402",
"F582",
"F630",
"F633",
"A0936",
"A0937",
"F3042",
"A0938",
"A0507",
"A0508",
"F0309",
"F039",
"F0644",
"F0906",
"F106",
"F1243",
"F194",
"F237",
"F2407",
"F2432",
"F2487",
"F266",
"F3312",
"F3623",
"O2532",
"A0865",
"H0403",
"G028",
"L226",
"M0146",
"F682",
"H403",
"H452",
"I0184",
"I0191",
"L119",
"K0432",
"I0194",
"L0745",
"I0260",
"I0392",
"K0131",
"K0356",
"K131",
"K346",
"K356",
"L0444",
"L0449",
"L0637",
"L0700",
"M0120",
"L0250",
"L082",
"L091",
"H0452",
"S0495",
"M0934",
"O3613",
"O3913",
"O3914",
"M0328",
"M0540",
"R0101",
"S0759",
"M0316",
"S0785",
"X0032",
"X0043",
"O1815",
"O3319",
"O3320",
"O3606",
"P0891",
"Q0225",
"S0505",
"K214",
"M0509",
"M0339",
"Y0047",
"Z0053",
"Z0090",
"X0081",
"Y0044",
"X0172",
"U0526",
"T0402",
"A0946",
"F0306",
"F2755",
"A0097",
"A0098",
"A0099",
"A0567",
"F495",
"A0568",
"P0838",
"R0167",
"H434",
"F0610",
"F065",
"F705",
"K0284",
"F246",
"F3935",
"F108",
"A0570",
"A0574",
"A0571",
"A0573",
"F2745",
"A0572",
"F515",
"A0575",
"F0609",
"F0908",
"F1517",
"F4213",
"F533",
"F724",
"J0010",
"L0748",
"A0569",
"F2501",
"I0118",
"I0201",
"L0129",
"G0509",
"Z0014",
"Z0069",
"F3018",
"K135",
"Z0070",
"K284",
"M0153",
"O4227",
"O4228",
"S0183",
"S0184",
"S0185",
"Z0071",
"Z0072",
"R0105",
"Y0006",
"Z0073",
"M0538",
"M0737",
"C0444",
"G0147",
"M0734",
"A0453",
"X0179",
"I0203",
"F3051",
"D0101",
"K376",
"F2746",
"K127",
"F681",
"M0020",
"K0394",
"F1813",
"H0902",
"I0030",
"F3911",
"F516",
"G0528",
"M0016",
"F283",
"F0035",
"F3027",
"F558",
"F734",
"G528",
"M0105",
"K0485",
"K0522",
"K0376",
"L0233",
"L148",
"M0918",
"S0500",
"R0152",
"Z0082",
"H463",
"L0114",
"R0279",
"T0610",
"U0030",
"U0065",
"R0012",
"I0378",
"K148",
"L052",
"R0545",
"S0313",
"R0457",
"R0458",
"S0327",
"S0325",
"P0207",
"S0715",
"F736",
"P0705",
"P0024",
"H0453",
"S0549",
"S0553",
"S0551",
"S0843",
"S0845",
"S0819",
"S0841",
"S0968",
"V0022",
"L200",
"L086",
"S0687",
"S0308",
"S0480",
"S0482",
"S0484",
"S0498",
"S0521",
"S0801",
"S0729",
"S0739",
"S0075",
"A0928",
"S0077",
"S0737",
"S0063",
"U0405",
"H0146",
"U0378",
"K339",
"F0922",
"U0054",
"T0107",
"T0005",
"X0078",
"U0053",
"T0715",
"X0052",
"Y0031",
"Z0007",
"Z0008",
"Z0066",
"R0653",
"R0408",
"U0328",
"R0654",
"R0633",
"U0130",
"R0407",
"R0645",
"R0642",
"R0637",
"R0646",
"R0650",
"U0049",
"R0641",
"Y0072",
"R0682",
"R0689",
"R0678",
"R0690",
"R0657",
"R0666",
"R0674",
"R0685",
"R0741",
"R0673",
"R0677",
"A0615",
"A0055",
"A0056",
"L0252",
"A0057",
"L0421",
"A0058",
"A0067",
"A0068",
"A0069",
"A0614",
"A0616",
"A0618",
"A0619",
"F0656",
"F093",
"F1234",
"F185",
"H0408",
"H408",
"I0375",
"K369",
"L0120",
"L0128",
"X0101",
"S0696",
"X0087",
"R0364",
"U0739",
"S0326",
"Y0048",
"X0153",
"S0693",
"S0694",
"O0915",
"S0837",
"O0922",
"R0363",
"R0397",
"S0695",
"R0398",
"U0637",
"Y0043",
"S0839",
"U0525",
"U0636",
"R0221",
"S0697",
"S0692",
"U0906",
"U0828",
"A0340",
"A0660",
"A0661",
"A0326",
"A0327",
"A0328",
"A0329",
"A0337",
"A0338",
"A0341",
"A0385",
"F323",
"F3310",
"F2422",
"F3655",
"F3905",
"F392",
"F422",
"F4230",
"F426",
"F478",
"F502",
"A0663",
"F3012",
"A0664",
"A0670",
"A0999",
"A0672",
"A0673",
"A0683",
"A0784",
"A0942",
"A0943",
"E0014",
"F0910",
"F0920",
"F110",
"F1824",
"F2103",
"F2146",
"F2452",
"F2464",
"F2708",
"A0671",
"F2732",
"F294",
"L0445",
"K167",
"L0418",
"K261",
"L047",
"L0627",
"L0753",
"L215",
"M0526",
"F542",
"F580",
"M0400",
"M0537",
"M0713",
"L0246",
"F666",
"F740",
"G0503",
"H0464",
"H446",
"H464",
"I0009",
"I0249",
"I0423",
"K0095",
"K0167",
"K0261",
"K0501",
"K0566",
"K095",
"L026",
"M0149",
"R0095",
"O0608",
"O1529",
"O1530",
"W0013",
"X0123",
"X0165",
"Y0050",
"M0916",
"S0506",
"O0977",
"O2419",
"O2420",
"O2489",
"O2498",
"O2719",
"O2720",
"O3937",
"O3938",
"R0103",
"R0147",
"R0148",
"R0393",
"R0394",
"M0740",
"O0607",
"S0638",
"A0311",
"A0710",
"A0577",
"A0708",
"A0709",
"F346",
"F311",
"F3657",
"F3920",
"F4204",
"F493",
"F504",
"A0711",
"A0712",
"F327",
"A0713",
"A0714",
"A0715",
"A0716",
"A0730",
"A0731",
"A0732",
"A0857",
"A0858",
"A0944",
"C0457",
"C0458",
"C0460",
"C0461",
"F0946",
"F143",
"F1804",
"F2107",
"F2126",
"F2723",
"F2734",
"F274",
"L0619",
"G545",
"M0602",
"L216",
"I0006",
"M0117",
"M0334",
"G514",
"L0646",
"L0754",
"L098",
"M0710",
"G0514",
"L204",
"M0604",
"L208",
"M0751",
"G0545",
"M0003",
"R0501",
"R0509",
"F690",
"R0461",
"F714",
"R0493",
"R0470",
"R0541",
"R0585",
"R0586",
"R0542",
"Z0033",
"Z0078",
"R0602",
"X0159",
"Z0019",
"A0061",
"R0469",
"U0050",
"F699",
"U0881",
"F0619",
"A0623",
"G0526",
"A0947",
"D0113",
"F1808",
"F036",
"F0618",
"F071",
"F1242",
"F1256",
"F1506",
"G0076",
"F722",
"F3917",
"G0518",
"G518",
"G549",
"F2721",
"F2725",
"F278",
"F3010",
"F3627",
"F525",
"F637",
"F687",
"G147",
"F4216",
"G0149",
"G076",
"F540",
"G149",
"F491",
"G0549",
"H0628",
"A0892",
"K089",
"L0441",
"L0600",
"M0151",
"K160",
"I0311",
"M0115",
"T0403",
"K0482",
"I0239",
"L0254",
"K0153",
"K319",
"K482",
"L0471",
"M0026",
"I0245",
"A0662",
"K0089",
"K0319",
"M0104",
"I0236",
"H628",
"K0148",
"K0160",
"O3625",
"K153",
"L0255",
"P0526",
"O0312",
"M0721",
"O1522",
"O1824",
"O1827",
"M0152",
"O0914",
"O1517",
"M0515",
"O2724",
"O2723",
"U0818",
"O3638",
"O4246",
"O4247",
"M0534",
"P0427",
"G0510",
"O1215",
"U0418",
"O0311",
"M0524",
"M0307",
"A0625",
"M0340",
"R0473",
"R0474",
"S0501",
"R0497",
"S0770",
"X0155",
"Z0023",
"P617",
"Q0052",
"Q0248",
"Q0250",
"R0102",
"R0498",
"R0546",
"R0589",
"R0590",
"R0605",
"R0606",
"R0988",
"U0901",
"U0898",
"T0006",
"F1205",
"F1215",
"F154",
"F155",
"F167",
"F1836",
"F2412",
"A0810",
"F2709",
"F3006",
"A0111",
"A0118",
"A0297",
"A0422",
"A0434",
"A0438",
"A0767",
"A0768",
"A0772",
"F0612",
"F0613",
"F067",
"F306",
"F1204",
"K216",
"L0603",
"O0321",
"I0480",
"O0930",
"O0938",
"F3922",
"L0119",
"O1835",
"O2407",
"L315",
"M0936",
"F3340",
"I0409",
"K0215",
"O0326",
"O0923",
"O1832",
"L0403",
"F692",
"O2412",
"F3307",
"F382",
"F479",
"F536",
"F608",
"L0413",
"O0935",
"K215",
"U0061",
"O3339",
"A0144",
"D0008",
"F1814",
"F3641",
"L0744",
"G503",
"O3945",
"O3946",
"U0436",
"Q0242",
"Q0246",
"O3336",
"P0720",
"Q0327",
"Q0359",
"O3324",
"O3318",
"P0731",
"U0899",
"O2704",
"R0550",
"F168",
"P0096",
"P0018",
"P0579",
"Q0357",
"T0014",
"I0407",
"Q0325",
"S0290",
"G0084",
"O1864",
"F1216",
"L314",
"M0403",
"O0318",
"O0037",
"O0317",
"O0939",
"E0019",
"K207",
"M0007",
"M0008",
"M0027",
"M0141",
"M0155",
"M0342",
"M0343",
"G0522",
"O1855",
"O3647",
"P0067",
"P0069",
"P0071",
"O1848",
"P1015",
"P0484",
"P0732",
"P0734",
"P0747",
"P0758",
"P1001",
"G0091",
"P0864",
"P1319",
"P1037",
"P1203",
"P1125",
"P1201",
"P1205",
"P1207",
"P1209",
"P1211",
"R0331",
"R0181",
"P1367",
"R0175",
"O0033",
"S0525",
"S0527",
"S0529",
"S0649",
"S0796",
"S0794",
"O0034",
"K0031",
"L0450",
"L113",
"O1525",
"U0103",
"U0897",
"F3008",
"U0722",
"A0306",
"A0776",
"G091",
"H602",
"K0549",
"L160",
"U0062",
"O1825",
"L161",
"R0426",
"R0466",
"U0005",
"U0404",
"K0207",
"R0549",
"O1859",
"A0162",
"A0509",
"A0513",
"H243",
"I0391",
"A0159",
"R0522",
"U0837",
"R0187",
"U0303",
"A0211",
"A0890",
"F1238",
"F2420",
"F393",
"K0104",
"K044",
"H0446",
"I0179",
"K0502",
"G510",
"K367",
"L0730",
"O3901",
"S0961",
"G0042",
"H031",
"K122",
"J0008",
"R0574",
"L0477",
"X0178",
"O3648",
"U0895",
"U0437",
"U0772",
"A0104",
"A0248",
"D0029",
"D0136",
"K0053",
"A0200",
"X0126",
"K059",
"I0043",
"I0490",
"K477",
"H0415",
"A0315",
"C0365",
"F0006",
"F3342",
"H0606",
"U0327",
"H0479",
"H479",
"H0906",
"I0153",
"H0279",
"I0149",
"I0470",
"G0504",
"F2741",
"K335",
"K0484",
"K337",
"L0208",
"H0066",
"A0307",
"A0445",
"L045",
"A0256",
"G0163",
"U0780",
"F151",
"L0717",
"I0120",
"H0625",
"X0148",
"G0145",
"R0578",
"S0299",
"L0412",
"L097",
"L251",
"M0300",
"A0332",
"T0240",
"A0678",
"D0114",
"T0128",
"M0129",
"T0247",
"T0431",
"T0433",
"M0508",
"T0626",
"R0425",
"O2427",
"U0001",
"A0366",
"A0370",
"A0374",
"A0379",
"A0830",
"D0069",
"D0072",
"G0160",
"P0751",
"P0840",
"P641",
"F550",
"I0123",
"P0534",
"U0635",
"A0007",
"A0447",
"K0345",
"K0434",
"L0703",
"M0132",
"T0253",
"D0125",
"T0216",
"K383",
"I0131",
"O4244",
"O3928",
"D0035",
"D0134",
"F2144",
"F3631",
"G0164",
"I0150",
"K009",
"Y0024",
"U0640",
"K0527",
"A0113",
"A0425",
"A0435",
"A0932",
"H0622",
"A0001",
"R0018",
"A0805",
"X0055",
"U0844",
"T0013",
"O2479",
"U0601",
"O3957",
"O3958",
"U0121",
"A0132",
"A0106",
"A0127",
"A0826",
"A0760",
"T0601",
"O1506",
"O4234",
"S0743",
"A0108",
"A0010",
"A0005",
"A0006",
"A0008",
"A0009",
"A0011",
"A0014",
"A0015",
"A0016",
"A0017",
"A0018",
"A0019",
"A0012",
"A0013",
"A0020",
"G084",
"A0003",
"A0004",
"A0611",
"L020",
"L0242",
"M0113",
"M0729",
"M0101",
"K0325",
"K143",
"K325",
"L0130",
"G0130",
"A0601",
"M0111",
"U0388",
"X0010",
"Y0001",
"Y0002",
"T0714",
"A0432",
"A0980",
"F0658",
"F095",
"F1527",
"F1829",
"F2458",
"F2476",
"A0110",
"A0116",
"A0120",
"A0123",
"A0124",
"A0125",
"A0128",
"A0129",
"A0134",
"A0296",
"A0419",
"A0428",
"A0436",
"A0759",
"H0901",
"H0620",
"F2435",
"F459",
"F256",
"F576",
"F2716",
"G158",
"F299",
"F3306",
"F436",
"F512",
"F675",
"F3005",
"F486",
"F2742",
"F3907",
"F446",
"F535",
"F2492",
"H0636",
"G0158",
"A0933",
"F0924",
"F119",
"F1211",
"F1213",
"A0807",
"A0314",
"U0800",
"F282",
"F3079",
"G0055",
"F440",
"G0056",
"F469",
"G0108",
"G0137",
"G0168",
"G0532",
"G055",
"G130",
"G137",
"G168",
"G532",
"H0612",
"H0623",
"F1270",
"F161",
"F595",
"F163",
"F165",
"F1843",
"F221",
"F2438",
"F2470",
"F2505",
"F2736",
"F696",
"F3087",
"F3327",
"F488",
"F3926",
"L211",
"Q0317",
"O1833",
"Q0349",
"O2531",
"L0626",
"L149",
"O3306",
"M0758",
"N005",
"O0310",
"Q0411",
"Q0412",
"I0404",
"J0009",
"K0114",
"K0178",
"K0503",
"K178",
"O3935",
"O3936",
"P0100",
"P0215",
"O3305",
"P0761",
"S0364",
"T0408",
"S0219",
"V0001",
"S0300",
"H0212",
"A0454",
"F1810",
"G108",
"H612",
"I0421",
"L0737",
"L0616",
"K020",
"K0276",
"K0510",
"K091",
"K113",
"L0134",
"M0528",
"A0215",
"X0022",
"K0091",
"K011",
"K114",
"K306",
"U0896",
"Y0057",
"S0937",
"S0218",
"U0801",
"U0029",
"S0302",
"S0147",
"F117",
"A0504",
"A0156",
"A0907",
"C0441",
"F1508",
"F586",
"I0186",
"K0346",
"L0732",
"L244",
"M0739",
"P0587",
"Q0253",
"U0744",
"X0031",
"X0080",
"Y0060",
"A0455",
"C0405",
"P0112",
"D0123",
"D0052",
"R0443",
"H609",
"R0477",
"R0478",
"R0561",
"R0562",
"U0002",
"U0389",
"U0150",
"F1202",
"F152",
"D0100",
"F3003",
"H0434",
"K0135",
"A0925",
"H0609",
"F4224",
"K0508",
"K0551",
"K061",
"U0304",
"K118",
"U0332",
"L0107",
"L0131",
"L0136",
"L015",
"U0616",
"D0099",
"K485",
"L0207",
"K019",
"K031",
"I0029",
"R0565",
"R0566",
"U0402",
"U0452",
"K0393",
"U0383",
"T0603",
"P0095",
"R0649",
"K0369",
"R0634",
"R0638",
"R0658",
"R0665",
"U0152",
"R0686",
"V0012",
"A0808",
"A0059",
"A0617",
"H0463",
"L0234",
"S0835",
"X0158",
"A0330",
"A0339",
"R0482",
"X0131",
"G0530",
"K0399",
"K399",
"K400",
"H622",
"H625",
"L0402",
"S0492",
"I0094",
"H0274",
"H0610",
"H0639",
"H274",
"H606",
"H610",
"H639",
"I0109",
"I0383",
"I0443",
"I0444",
"I0462",
"I0463",
"K084",
"K333",
"L008",
"L0109",
"L0212",
"L0287",
"L0439",
"L0625",
"L0645",
"L065",
"L0734",
"L0749",
"L228",
"L246",
"L247",
"M0021",
"M0107",
"M0109",
"M0147",
"S0769",
"O3322",
"O3341",
"O3941",
"O3942",
"P0005",
"P0012",
"P0034",
"P0208",
"P0554",
"P592",
"P0455",
"U0403",
"H0607",
"F738",
"P1331",
"P1363",
"P1019",
"P1115",
"U0500",
"G0534",
"S0312",
"A0146",
"U0501",
"M0719",
"M0902",
"R0300",
"R0302",
"F1819",
"F289",
"P0453",
"L0213",
"I0015",
"I0126",
"P667",
"L0417",
"L0728",
"O0025",
"G534",
"L0452",
"O1828",
"O1831",
"R0990",
"R0980",
"G556",
"O0631",
"O2497",
"S0519",
"S0412",
"F2448",
"F252",
"F320",
"F3304",
"F353",
"M0513",
"M0702",
"K0281",
"M0501",
"K030",
"K0463",
"K0478",
"K0505",
"K053",
"K086",
"K281",
"L0239",
"L0286",
"L0623",
"L0718",
"O0621",
"L190",
"M0302",
"O1526",
"O2169",
"O2171",
"O3344",
"O3347",
"P0419",
"P0518",
"R0014",
"R0118",
"R0447",
"T0640",
"T0639",
"U0083",
"F2450",
"F2474",
"F2704",
"F2758",
"F3604",
"T0641",
"G555",
"S0414",
"R0978",
"H0421",
"L056",
"F2444",
"R0241",
"D0132",
"F1247",
"F198",
"F3302",
"R0251",
"T0642",
"R0239",
"O0026",
"R0435",
"F414",
"O3633",
"P0514",
"P0413",
"S0416",
"S0418",
"O0605",
"Q0476",
"P0415",
"T0721",
"H421",
"R0452",
"K080",
"T0723",
"K291",
"K370",
"L0215",
"M0100",
"M0715",
"O3905",
"O3906",
"R0237",
"I0213",
"R0451",
"S0507",
"T0727",
"R0265",
"R0966",
"S0897",
"U0880",
"S0569",
"U0868",
"S0899",
"F3014",
"F3038",
"F321",
"F3315",
"I0042",
"I0046",
"L0443",
"L0451",
"L055",
"K0499",
"U0869",
"L025",
"L0281",
"L0605",
"L0620",
"K0529",
"K094",
"K288",
"K323",
"K354",
"L0108",
"L0135",
"L0156",
"L0211",
"P0504",
"P0522",
"P590",
"P594",
"P0423",
"Q0384",
"O1533",
"O2475",
"O2476",
"O3931",
"O3932",
"P0405",
"L154",
"L0285",
"L0446",
"L0608",
"U0733",
"O0017",
"S0931",
"O0018",
"F3328",
"O1856",
"P0469",
"M0718",
"R0271",
"R0962",
"R0982",
"R0986",
"S0226",
"S0517",
"S0660",
"P613",
"Y0013",
"S0941",
"R0243",
"R0267",
"P0568",
"R0247",
"R0275",
"S0201",
"U0275",
"O4235",
"O4236",
"P0037",
"S0901",
"A0459",
"A0460",
"A0461",
"A0462",
"A0463",
"A0837",
"A0881",
"A0934",
"F0653",
"R0269",
"F552",
"Q0205",
"K0559",
"L0607",
"P0701",
"O0005",
"Q0293",
"O0006",
"Q0223",
"Q0297",
"A0576",
"A0578",
"A0796",
"A0939",
"A0940",
"Q0402",
"Q0404",
"L0746",
"L230",
"M0025",
"M0121",
"M0122",
"O3961",
"O3962",
"S0034",
"M0308",
"S0701",
"S0703",
"U0271",
"U0453",
"S0763",
"U0461",
"S0612",
"M0529",
"M0911",
"O3909",
"O3910",
"X0093",
"U0272",
"O2490",
"P0206",
"P0708",
"U0462",
"F158",
"R0253",
"U0884",
"F1208",
"R0992",
"R0968",
"A0424",
"A0620",
"A0621",
"A0783",
"A0833",
"A0863",
"A0883",
"A0905",
"A0906",
"A0941",
"U0849",
"U0366",
"S0138",
"S0490",
"O2528",
"S0791",
"U0466",
"U0876",
"P0494",
"L0243",
"L0124",
"S0513",
"S0523",
"D0109",
"F0307",
"F037",
"K0353",
"K289",
"K321",
"L0105",
"L0442",
"L0448",
"K0138",
"K0289",
"R0954",
"Q0240",
"Q0451",
"O0303",
"R0956",
"Q0046",
"O0304",
"O0602",
"O2104",
"O2127",
"O2731",
"O2732",
"O3949",
"O3950",
"O4205",
"O4206",
"Q0453",
"S0125",
"S0808",
"S0957",
"S0958",
"X0026",
"F317",
"S0658",
"S0741",
"F355",
"S0747",
"S0927",
"H626",
"F2135",
"F0605",
"F0606",
"F063",
"F1847",
"U0019",
"K104",
"K0512",
"P0437",
"P0536",
"M0521",
"M0716",
"M0746",
"O0029",
"O1874",
"X0065",
"P0463",
"P0562",
"S0929",
"P605",
"S0829",
"S0831",
"S0833",
"S0947",
"U0856",
"P0584",
"M0320",
"U0365",
"U0127",
"K0063",
"F078",
"F0941",
"F141",
"D0028",
"F0629",
"S0935",
"U0430",
"F727",
"U0721",
"O0955",
"F2436",
"U0775",
"O2128",
"F572",
"S0316",
"F1816",
"O2728",
"P0866",
"D0051",
"O2408",
"P0875",
"P0877",
"T0628",
"O1879",
"P0403",
"P0501",
"O1540",
"P596",
"U0789",
"O0623",
"O0624",
"O1543",
"O1871",
"T0703",
"S0733",
"F406",
"I0163",
"P0031",
"P0712",
"H0634",
"S0124",
"H634",
"L0133",
"F1821",
"F2105",
"F291",
"A0121",
"A0122",
"A0439",
"F2414",
"F384",
"F325",
"F4228",
"H601",
"R0960",
"Q0482",
"O2421",
"O2422",
"O4212",
"Q0484",
"R0245",
"R0984",
"L0110",
"I0216",
"P0202",
"H605",
"S0757",
"D0056",
"D0057",
"D0059",
"K0544",
"T0404",
"O4211",
"A0371",
"A0378",
"F383",
"F1827",
"F2122",
"F2413",
"L185",
"I0137",
"K327",
"L0125",
"L0158",
"L0245",
"L0751",
"M0707",
"L0279",
"M0338",
"O2109",
"O2411",
"P0417",
"T0138",
"F342",
"F357",
"F376",
"F0936",
"F134",
"F1841",
"F2406",
"L194",
"H417",
"U0732",
"U0831",
"R0128",
"O0013",
"R0116",
"U0009",
"O0640",
"U0832",
"R0127",
"O0901",
"R0033",
"P0061",
"O0014",
"R0115",
"O0642",
"T0112",
"F4214",
"F2454",
"U0408",
"H0624",
"R0225",
"T0647",
"T0649",
"T0606",
"T0410",
"R0120",
"S0511",
"T0213",
"F1849",
"U0287",
"U0705",
"P0200",
"H0615",
"I0085",
"I0486",
"K0306",
"K0352",
"K352",
"L0237",
"L0606",
"O2524",
"U0084",
"U0255",
"K0327",
"U0335",
"U0211",
"M0929",
"O1882",
"A0154",
"A0223",
"F0633",
"G0547",
"F0634",
"F082",
"F287",
"F744",
"I0225",
"I0259",
"K0249",
"T0203",
"R0011",
"S0761",
"M0732",
"S0614",
"O2526",
"S0727",
"P0407",
"S0400",
"S0787",
"S0789",
"O1860",
"O2525",
"P0506",
"S0859",
"U0227",
"U0243",
"U0380",
"H443",
"F732",
"H0629",
"H0443",
"H629",
"F4220",
"I0040",
"P0550",
"P0425",
"P566",
"P659",
"R0026",
"P0524",
"U0409",
"I0033",
"F1518",
"L0701",
"L0702",
"F247",
"Z0083",
"S0422",
"P0473",
"R0255",
"R0481",
"U0244",
"R0970",
"U0336",
"K0275",
"O3917",
"R0994",
"S0711",
"S0811",
"S0813",
"S0543",
"S0545",
"S0535",
"S0533",
"S0547",
"S0531",
"P0737",
"S0204",
"S0713",
"S0847",
"S0849",
"S0851",
"S0853",
"S0817",
"T0707",
"S0815",
"S0821",
"S0855",
"S0857",
"S0964",
"S0966",
"V0019",
"T0102",
"S0076",
"S0735",
"S0509",
"T0101",
"S0062",
"K308",
"S0943",
"K0308",
"S0953",
"T0223",
"U0457",
"U0885",
"U0864",
"U0458",
"U0288",
"U0481",
"R0742",
"R0681",
"U0482",
"I0477",
"I0016",
"L0624",
"L144",
"U0787",
"U0865",
"U0781",
"A0674",
"D0107",
"F1230",
"Q0417",
"L0235",
"M0326",
"M0347",
"I0221",
"Q0419",
"P0520",
"P570",
"S0951",
"P0421",
"S0424",
"F3645",
"F424",
"F428",
"F655",
"F2466",
"F2506",
"O0001",
"H0619",
"I0135",
"R0119",
"H619",
"F293",
"U0276",
"U0419",
"U0840",
"U0857",
"U0877",
"F1845",
"F1852",
"U0888",
"F547",
"H0627",
"F2472",
"F3086",
"F3093",
"F315",
"H0407",
"H407",
"F442",
"L0214",
"H627",
"I0261",
"L0160",
"I0237",
"I0008",
"O1884",
"O0919",
"U0771",
"O0965",
"O2483",
"O1876",
"O0918",
"O2550",
"P0475",
"O0926",
"U0804",
"O3918",
"R0974",
"R0996",
"S0426",
"Q0423",
"Q0214",
"Q0232",
"Q0421",
"R0281",
"R0257",
"R0273",
"R0950",
"R0972",
"R0964",
"R0259",
"R0235",
"R0249",
"F262",
"F1533",
"H0640",
"K170",
"H640",
"M0919",
"M0926",
"H624",
"K0170",
"M0709",
"T0705",
"U0323",
"T0644",
"O0606",
"O3629",
"O1812",
"O3002",
"P0508",
"O3001",
"P0409",
"P0718",
"O1821",
"S0783",
"M0601",
"M0600",
"O0042",
"U0836",
"U0308",
"P0089",
"P0075",
"P0083",
"P0091",
"P0093",
"P0103",
"P0105",
"P0107",
"P0109",
"P0227",
"P0229",
"P0235",
"T0729",
"O0985",
"O1223",
"O1552",
"O1555",
"O2164",
"O2165",
"O2527",
"O2727",
"O3014",
"O3041",
"O3953",
"O3954",
"O4252",
"P0077",
"P0079",
"P0081",
"O0981",
"P0085",
"P0488",
"P0858",
"P1005",
"P1007",
"P1009",
"P1011",
"P1013",
"P1017",
"P0239",
"P0250",
"P0252",
"P0254",
"P0262",
"P0264",
"P0266",
"P0268",
"P0482",
"P0486",
"P0490",
"P0803",
"P0805",
"P0808",
"P0810",
"P0842",
"P0844",
"P0848",
"P0856",
"P0237",
"P1003",
"P1303",
"P1305",
"P1307",
"P1309",
"P1311",
"P1315",
"P1317",
"P1321",
"P1323",
"P1325",
"P1327",
"P1025",
"P1027",
"P1301",
"P1029",
"P1033",
"P1035",
"P1101",
"P1103",
"P1105",
"P1107",
"P1111",
"P1113",
"P1117",
"P1119",
"P1123",
"P1127",
"P1129",
"P1131",
"P1023",
"P493",
"R0183",
"R0185",
"R0189",
"R0191",
"R0226",
"R0333",
"R0335",
"R0339",
"R0341",
"R0177",
"P1337",
"P1339",
"P1341",
"P1343",
"P1345",
"P1347",
"P1349",
"P1353",
"P1355",
"P1357",
"P1359",
"P1361",
"P1365",
"P1369",
"P1371",
"P1373",
"P1379",
"P486",
"P489",
"R0173",
"R0179",
"P1335",
"R0345",
"R0347",
"R0349",
"S0648",
"S0691",
"S0793",
"T0742",
"U0020",
"R0343",
"H0435",
"I0041",
"R0958",
"L331",
"M0922",
"O0969",
"U0324",
"U0848",
"U0221",
"U0454",
"U0785",
"U0584",
"O4251",
"P0248",
"P0492",
"P0852",
"P1031",
"P1121",
"P1313",
"P1351",
"P1375",
"R0337",
"O0030",
"R0277",
"U0889",
"P1021",
"P1333",
"P1377",
"O0940",
"U0585",
"O1222",
"T0113",
"T0115",
"I0425",
"K065",
"K0516",
"T0117",
"P0872",
"T0119",
"L0282",
"K0355",
"T0124",
"A0130",
"I0164",
"L0622",
"L0719",
"P0552",
"H0605",
"L0236",
"L0283",
"T0231",
"T0233",
"T0238",
"T0130",
"T0132",
"D0058",
"T0121",
"T0126",
"T0627",
"T0245",
"M0733",
"T0242",
"T0249",
"T0251",
"T0446",
"P0516",
"T0448",
"T0450",
"T0452",
"T0454",
"T0425",
"T0427",
"T0429",
"F2137",
"M0755",
"T0731",
"T0734",
"T0736",
"T0740",
"M0324",
"U0588",
"T0738",
"S0515",
"U0431",
"H0417",
"L0752",
"Q0477",
"G0556",
"U0776",
"I0210",
"T0420",
"R0038",
"U0612",
"U0621",
"U0614",
"U0623",
"K355",
"U0603",
"U0589",
"U0646",
"U0642",
"U0644",
"A0310",
"U0821",
"Q0269",
"S0488",
"R0151",
"A0021",
"I0476",
"U0220",
"A0131",
"A0440",
"A0763",
"S0745",
"F408",
"H0626",
"L0249",
"I0174",
"O1830",
"O2494",
"M0757",
"Q0427",
"I0319",
"I0417",
"I234",
"L0002",
"I017",
"U0465",
"Q0435",
"Q0437",
"S0134",
"Q0429",
"K0113",
"K0500",
"M0348",
"L0106",
"L0157",
"L0210",
"S0567",
"S0571",
"S0939",
"F1817",
"I0308",
"G0028",
"S0420",
"P0204",
"F0001",
"P0205",
"S0755",
"P0451",
"R0025",
"U0212",
"U0381",
"U0706",
"U0822",
"U0569",
"L0100",
"U0228",
"U0256",
"U0784",
"U0307",
"U0827",
"K0339",
"L0731",
"U0782",
"R0530",
"H0431",
"H0641",
"H431",
"H641",
"I0105",
"I0382",
"I0450",
"H0601",
"H607",
"K0065",
"S0803",
"S0949",
"A0145",
"P0429",
"P0528",
"P455",
"K0367",
"K043",
"F286",
"K478",
"L139",
"O1521",
"O2701",
"O2702",
"O4229",
"O4230",
"Q0210",
"Q0228",
"R0117",
"O0622",
"P0544",
"K479",
"L0414",
"L0705",
"L095",
"P0445",
"P598",
"P604",
"R0233",
"D0067",
"D0068",
"F2743",
"F313",
"Q0201",
"Q0219",
"O0913",
"O3630",
"O3637",
"P611",
"R0231",
"Q0460",
"Q0462",
"F4234",
"L0733",
"L245",
"O0637",
"O0638",
"O4215",
"O4216",
"S0699",
"O3331",
"P0471",
"P0570",
"P0752",
"P576",
"S0630",
"D0110",
"D0111",
"O0601",
"D0112",
"K0321",
"K138",
"K353",
"L0127",
"O0002",
"O2540",
"O2546",
"S0771",
"P469",
"P639",
"",